transaction_id,account_id,amount,transaction_date,transaction_type,counterparty,currency
TXN0001,ACC019,2823,2026-08-04 00:47:00,Payment,ACC051,MMK
TXN0002,ACC008,8579,2026-08-01 02:13:00,Payment,ACC068,MMK
TXN0003,ACC003,8077,2026-08-09 00:48:00,Payment,ACC053,MMK
TXN0004,ACC018,2718,2026-08-12 11:38:00,Deposit,ACC069,MMK
TXN0005,ACC004,11833,2026-08-12 18:12:00,Payment,ACC058,MMK
TXN0006,ACC006,5000,2026-08-15 20:53:00,Withdrawal,ACC055,MMK
TXN0007,ACC002,35599,2026-08-15 12:17:00,Deposit,ACC062,MMK
TXN0008,ACC015,6063,2026-08-09 02:13:00,Withdrawal,ACC058,MMK
TXN0009,ACC008,137688,2026-08-05 07:47:00,Withdrawal,ACC066,MMK
TXN0010,ACC003,50000,2026-08-16 02:48:00,Payment,ACC062,MMK
TXN0011,ACC009,5000,2026-08-20 14:33:00,Deposit,ACC053,MMK
TXN0012,ACC017,48152,2026-08-10 13:10:00,Transfer,ACC059,MMK
TXN0013,ACC020,1613,2026-08-17 19:12:00,Deposit,ACC065,MMK
TXN0014,ACC003,10000,2026-08-01 03:59:00,Transfer,ACC065,MMK
TXN0015,ACC014,100000,2026-08-03 17:49:00,Withdrawal,ACC067,MMK
TXN0016,ACC008,4050,2026-08-07 22:19:00,Withdrawal,ACC052,MMK
TXN0017,ACC003,33537,2026-08-11 00:37:00,Transfer,ACC060,MMK
TXN0018,ACC016,100000,2026-08-03 16:15:00,Withdrawal,ACC065,MMK
TXN0019,ACC002,1060,2026-08-14 06:06:00,Payment,ACC060,MMK
TXN0020,ACC015,1983,2026-08-04 07:12:00,Transfer,ACC051,MMK
TXN0021,ACC002,7428,2026-08-18 00:05:00,Withdrawal,ACC062,MMK
TXN0022,ACC005,8482,2026-08-01 12:16:00,Withdrawal,ACC059,MMK
TXN0023,ACC017,50000,2026-08-07 01:37:00,Withdrawal,ACC051,MMK
TXN0024,ACC008,5000,2026-08-17 02:54:00,Transfer,ACC069,MMK
TXN0025,ACC009,30911,2026-08-03 13:42:00,Payment,ACC054,MMK
TXN0026,ACC003,9296,2026-08-10 14:20:00,Withdrawal,ACC066,MMK
TXN0027,ACC010,50000,2026-08-09 04:59:00,Transfer,ACC067,MMK
TXN0028,ACC009,15372,2026-08-10 21:06:00,Deposit,ACC069,MMK
TXN0029,ACC014,2115,2026-08-07 22:21:00,Deposit,ACC051,MMK
TXN0030,ACC001,50000,2026-08-01 10:49:00,Transfer,ACC052,MMK
TXN0031,ACC002,72214,2026-08-05 17:02:00,Deposit,ACC056,MMK
TXN0032,ACC006,32395,2026-08-08 21:06:00,Withdrawal,ACC063,MMK
TXN0033,ACC006,111757,2026-08-01 05:47:00,Transfer,ACC062,MMK
TXN0034,ACC001,46737,2026-08-02 15:14:00,Withdrawal,ACC062,MMK
TXN0035,ACC001,102672,2026-08-11 08:55:00,Transfer,ACC058,MMK
TXN0036,ACC017,50000,2026-08-06 18:16:00,Transfer,ACC062,MMK
TXN0037,ACC014,127988,2026-08-19 06:16:00,Transfer,ACC060,MMK
TXN0038,ACC013,95048,2026-08-20 10:42:00,Deposit,ACC067,MMK
TXN0039,ACC013,162220,2026-08-05 06:26:00,Transfer,ACC059,MMK
TXN0040,ACC016,10000,2026-08-10 06:27:00,Withdrawal,ACC052,MMK
TXN0041,ACC007,23407,2026-08-10 16:42:00,Withdrawal,ACC050,MMK
TXN0042,ACC013,40739,2026-08-02 07:30:00,Payment,ACC062,MMK
TXN0043,ACC006,45706,2026-08-08 04:41:00,Payment,ACC051,MMK
TXN0044,ACC011,100000,2026-08-18 07:58:00,Payment,ACC069,MMK
TXN0045,ACC008,73874,2026-08-17 13:53:00,Deposit,ACC066,MMK
TXN0046,ACC003,20000,2026-08-16 20:15:00,Withdrawal,ACC054,MMK
TXN0047,ACC002,6654,2026-08-08 12:44:00,Withdrawal,ACC063,MMK
TXN0048,ACC013,136354,2026-08-13 18:44:00,Payment,ACC067,MMK
TXN0049,ACC006,5145,2026-08-18 19:57:00,Payment,ACC054,MMK
TXN0050,ACC015,33675,2026-08-20 17:01:00,Withdrawal,ACC051,MMK
TXN0051,ACC003,164184,2026-08-09 12:20:00,Payment,ACC050,MMK
TXN0052,ACC007,12745,2026-08-18 01:22:00,Transfer,ACC069,MMK
TXN0053,ACC006,192164,2026-08-05 07:08:00,Transfer,ACC055,MMK
TXN0054,ACC003,22478,2026-08-10 03:37:00,Withdrawal,ACC053,MMK
TXN0055,ACC012,5205,2026-08-10 21:38:00,Transfer,ACC066,MMK
TXN0056,ACC014,29608,2026-08-11 00:54:00,Withdrawal,ACC066,MMK
TXN0057,ACC011,119731,2026-08-09 19:51:00,Withdrawal,ACC052,MMK
TXN0058,ACC006,150228,2026-08-09 14:15:00,Payment,ACC056,MMK
TXN0059,ACC003,33846,2026-08-12 08:21:00,Withdrawal,ACC063,MMK
TXN0060,ACC010,2479,2026-08-16 17:48:00,Withdrawal,ACC062,MMK
TXN0061,ACC012,129638,2026-08-08 09:42:00,Payment,ACC058,MMK
TXN0062,ACC007,17703,2026-08-10 08:14:00,Payment,ACC058,MMK
TXN0063,ACC001,79118,2026-08-19 16:38:00,Withdrawal,ACC058,MMK
TXN0064,ACC019,2992,2026-08-02 01:35:00,Deposit,ACC065,MMK
TXN0065,ACC016,7388,2026-08-16 14:21:00,Transfer,ACC068,MMK
TXN0066,ACC020,6241,2026-08-02 04:09:00,Withdrawal,ACC066,MMK
TXN0067,ACC020,4482,2026-08-13 14:58:00,Transfer,ACC056,MMK
TXN0068,ACC020,5783,2026-08-07 08:42:00,Payment,ACC059,MMK
TXN0069,ACC007,20000,2026-08-02 07:18:00,Payment,ACC053,MMK
TXN0070,ACC019,20000,2026-08-18 07:41:00,Deposit,ACC064,MMK
TXN0071,ACC020,3110,2026-08-04 14:44:00,Transfer,ACC063,MMK
TXN0072,ACC009,356,2026-08-11 19:16:00,Transfer,ACC055,MMK
TXN0073,ACC016,4478,2026-08-16 16:41:00,Deposit,ACC063,MMK
TXN0074,ACC002,50000,2026-08-11 10:42:00,Payment,ACC052,MMK
TXN0075,ACC015,5000,2026-08-11 08:20:00,Payment,ACC051,MMK
TXN0076,ACC005,20000,2026-08-07 16:23:00,Deposit,ACC064,MMK
TXN0077,ACC018,9733,2026-08-16 03:01:00,Payment,ACC052,MMK
TXN0078,ACC009,20000,2026-08-08 03:29:00,Payment,ACC065,MMK
TXN0079,ACC009,5557,2026-08-16 07:29:00,Payment,ACC060,MMK
TXN0080,ACC015,39041,2026-08-17 08:52:00,Payment,ACC061,MMK
TXN0081,ACC013,10000,2026-08-11 17:48:00,Withdrawal,ACC063,MMK
TXN0082,ACC002,9941,2026-08-02 10:47:00,Withdrawal,ACC066,MMK
TXN0083,ACC014,43801,2026-08-19 10:55:00,Withdrawal,ACC052,MMK
TXN0084,ACC011,6642,2026-08-16 08:21:00,Payment,ACC067,MMK
TXN0085,ACC004,6137,2026-08-02 19:04:00,Transfer,ACC064,MMK
TXN0086,ACC005,6467,2026-08-06 22:19:00,Withdrawal,ACC066,MMK
TXN0087,ACC016,16799,2026-08-14 18:43:00,Withdrawal,ACC057,MMK
TXN0088,ACC006,20000,2026-08-15 20:16:00,Transfer,ACC064,MMK
TXN0089,ACC016,9226,2026-08-12 18:19:00,Transfer,ACC057,MMK
TXN0090,ACC001,94285,2026-08-13 18:22:00,Transfer,ACC069,MMK
TXN0091,ACC005,102848,2026-08-16 09:49:00,Transfer,ACC051,MMK
TXN0092,ACC007,39294,2026-08-10 14:02:00,Withdrawal,ACC067,MMK
TXN0093,ACC011,88546,2026-08-12 16:32:00,Transfer,ACC064,MMK
TXN0094,ACC003,158633,2026-08-03 04:48:00,Payment,ACC050,MMK
TXN0095,ACC008,4602,2026-08-09 17:07:00,Payment,ACC050,MMK
TXN0096,ACC004,9118,2026-08-20 17:20:00,Withdrawal,ACC051,MMK
TXN0097,ACC014,20000,2026-08-02 09:31:00,Withdrawal,ACC063,MMK
TXN0098,ACC008,6852,2026-08-04 15:39:00,Deposit,ACC053,MMK
TXN0099,ACC003,5949,2026-08-12 17:57:00,Withdrawal,ACC069,MMK
TXN0100,ACC019,49552,2026-08-01 01:50:00,Withdrawal,ACC057,MMK
TXN0101,ACC009,10000,2026-08-11 04:50:00,Withdrawal,ACC053,MMK
TXN0102,ACC005,3646,2026-08-01 04:00:00,Payment,ACC066,MMK
TXN0103,ACC020,41120,2026-08-04 23:04:00,Transfer,ACC066,MMK
TXN0104,ACC015,7008,2026-08-10 14:41:00,Transfer,ACC052,MMK
TXN0105,ACC020,7741,2026-08-11 19:09:00,Deposit,ACC064,MMK
TXN0106,ACC014,38070,2026-08-17 19:27:00,Payment,ACC057,MMK
TXN0107,ACC005,64263,2026-08-14 10:52:00,Payment,ACC052,MMK
TXN0108,ACC018,5000,2026-08-03 02:05:00,Deposit,ACC053,MMK
TXN0109,ACC010,20000,2026-08-14 11:55:00,Deposit,ACC053,MMK
TXN0110,ACC004,177091,2026-08-19 16:13:00,Deposit,ACC068,MMK
TXN0111,ACC020,5653,2026-08-08 13:54:00,Deposit,ACC050,MMK
TXN0112,ACC013,10000,2026-08-06 08:44:00,Transfer,ACC054,MMK
TXN0113,ACC019,118047,2026-08-01 02:47:00,Transfer,ACC051,MMK
TXN0114,ACC015,50000,2026-08-05 05:48:00,Payment,ACC058,MMK
TXN0115,ACC002,151733,2026-08-07 16:07:00,Withdrawal,ACC062,MMK
TXN0116,ACC004,165102,2026-08-20 01:00:00,Transfer,ACC065,MMK
TXN0117,ACC013,3864,2026-08-14 05:08:00,Transfer,ACC063,MMK
TXN0118,ACC004,114393,2026-08-01 14:58:00,Payment,ACC050,MMK
TXN0119,ACC008,9480,2026-08-11 05:51:00,Payment,ACC068,MMK
TXN0120,ACC017,4018,2026-08-13 16:05:00,Transfer,ACC066,MMK
TXN0121,ACC004,24044,2026-08-17 06:57:00,Withdrawal,ACC058,MMK
TXN0122,ACC019,9756,2026-08-07 05:38:00,Payment,ACC068,MMK
TXN0123,ACC019,115964,2026-08-20 10:55:00,Transfer,ACC061,MMK
TXN0124,ACC020,5000,2026-08-17 02:19:00,Payment,ACC064,MMK
TXN0125,ACC020,186357,2026-08-19 17:50:00,Payment,ACC066,MMK
TXN0126,ACC002,45964,2026-08-05 01:28:00,Withdrawal,ACC064,MMK
TXN0127,ACC002,20000,2026-08-15 16:33:00,Deposit,ACC052,MMK
TXN0128,ACC011,21366,2026-08-11 03:35:00,Transfer,ACC068,MMK
TXN0129,ACC018,108794,2026-08-05 11:19:00,Payment,ACC060,MMK
TXN0130,ACC012,50000,2026-08-05 21:44:00,Transfer,ACC061,MMK
TXN0131,ACC010,3483,2026-08-10 05:13:00,Transfer,ACC066,MMK
TXN0132,ACC005,8090,2026-08-18 23:56:00,Withdrawal,ACC055,MMK
TXN0133,ACC010,50000,2026-08-20 05:46:00,Payment,ACC057,MMK
TXN0134,ACC015,5970,2026-08-18 07:19:00,Deposit,ACC062,MMK
TXN0135,ACC016,9665,2026-08-17 16:26:00,Deposit,ACC067,MMK
TXN0136,ACC005,50000,2026-08-04 22:54:00,Payment,ACC052,MMK
TXN0137,ACC003,7510,2026-08-08 14:56:00,Deposit,ACC057,MMK
TXN0138,ACC016,100294,2026-08-01 10:59:00,Withdrawal,ACC065,MMK
TXN0139,ACC014,100000,2026-08-15 19:00:00,Transfer,ACC059,MMK
TXN0140,ACC020,7285,2026-08-08 09:07:00,Transfer,ACC066,MMK
TXN0141,ACC003,27169,2026-08-19 07:45:00,Deposit,ACC052,MMK
TXN0142,ACC012,9366,2026-08-17 17:32:00,Deposit,ACC050,MMK
TXN0143,ACC002,36284,2026-08-12 02:22:00,Deposit,ACC067,MMK
TXN0144,ACC003,37387,2026-08-11 20:11:00,Payment,ACC051,MMK
TXN0145,ACC016,50000,2026-08-10 06:02:00,Deposit,ACC051,MMK
TXN0146,ACC013,6366,2026-08-07 09:22:00,Payment,ACC062,MMK
TXN0147,ACC003,6333,2026-08-11 05:31:00,Payment,ACC069,MMK
TXN0148,ACC006,6532,2026-08-06 17:18:00,Payment,ACC061,MMK
TXN0149,ACC013,8712,2026-08-15 01:46:00,Deposit,ACC066,MMK
TXN0150,ACC012,115726,2026-08-06 00:09:00,Payment,ACC068,MMK
TXN0151,ACC017,47952,2026-08-02 19:09:00,Deposit,ACC062,MMK
TXN0152,ACC004,50000,2026-08-11 20:17:00,Deposit,ACC058,MMK
TXN0153,ACC006,5613,2026-08-15 06:39:00,Payment,ACC052,MMK
TXN0154,ACC012,31999,2026-08-11 21:22:00,Withdrawal,ACC053,MMK
TXN0155,ACC020,11051,2026-08-07 04:15:00,Transfer,ACC052,MMK
TXN0156,ACC011,31027,2026-08-10 12:45:00,Transfer,ACC064,MMK
TXN0157,ACC014,45118,2026-08-15 21:33:00,Transfer,ACC053,MMK
TXN0158,ACC003,156400,2026-08-17 04:19:00,Deposit,ACC056,MMK
TXN0159,ACC005,100000,2026-08-18 08:08:00,Withdrawal,ACC069,MMK
TXN0160,ACC007,179567,2026-08-20 10:53:00,Payment,ACC069,MMK
TXN0161,ACC015,193498,2026-08-01 15:56:00,Transfer,ACC051,MMK
TXN0162,ACC013,140999,2026-08-06 14:26:00,Withdrawal,ACC061,MMK
TXN0163,ACC010,3259,2026-08-17 17:06:00,Payment,ACC069,MMK
TXN0164,ACC016,42538,2026-08-14 07:55:00,Payment,ACC065,MMK
TXN0165,ACC002,118585,2026-08-10 15:01:00,Transfer,ACC059,MMK
TXN0166,ACC005,5041,2026-08-16 19:56:00,Deposit,ACC061,MMK
TXN0167,ACC017,7766,2026-08-13 11:02:00,Payment,ACC067,MMK
TXN0168,ACC012,20000,2026-08-09 19:43:00,Withdrawal,ACC056,MMK
TXN0169,ACC015,50000,2026-08-20 16:25:00,Withdrawal,ACC069,MMK
TXN0170,ACC011,20000,2026-08-17 04:20:00,Payment,ACC068,MMK
TXN0171,ACC020,265,2026-08-10 15:52:00,Payment,ACC058,MMK
TXN0172,ACC005,8144,2026-08-19 18:14:00,Withdrawal,ACC051,MMK
TXN0173,ACC017,7064,2026-08-19 22:07:00,Payment,ACC051,MMK
TXN0174,ACC018,6884,2026-08-05 16:13:00,Deposit,ACC067,MMK
TXN0175,ACC008,37229,2026-08-12 21:49:00,Deposit,ACC067,MMK
TXN0176,ACC018,153536,2026-08-10 07:19:00,Deposit,ACC059,MMK
TXN0177,ACC002,109180,2026-08-04 18:43:00,Deposit,ACC052,MMK
TXN0178,ACC005,80310,2026-08-12 14:41:00,Transfer,ACC069,MMK
TXN0179,ACC011,6164,2026-08-19 07:15:00,Payment,ACC053,MMK
TXN0180,ACC007,9402,2026-08-05 00:35:00,Deposit,ACC060,MMK
TXN0181,ACC014,13578,2026-08-10 20:03:00,Withdrawal,ACC051,MMK
TXN0182,ACC019,188906,2026-08-13 15:11:00,Transfer,ACC060,MMK
TXN0183,ACC007,190784,2026-08-10 14:41:00,Transfer,ACC060,MMK
TXN0184,ACC007,20000,2026-08-06 23:29:00,Withdrawal,ACC069,MMK
TXN0185,ACC008,64308,2026-08-13 13:32:00,Transfer,ACC058,MMK
TXN0186,ACC012,95292,2026-08-13 07:28:00,Withdrawal,ACC051,MMK
TXN0187,ACC010,1681,2026-08-04 14:19:00,Deposit,ACC069,MMK
TXN0188,ACC018,6868,2026-08-08 07:08:00,Withdrawal,ACC057,MMK
TXN0189,ACC017,5000,2026-08-20 02:33:00,Withdrawal,ACC068,MMK
TXN0190,ACC003,6027,2026-08-18 04:10:00,Payment,ACC051,MMK
TXN0191,ACC013,4212,2026-08-15 04:32:00,Deposit,ACC050,MMK
TXN0192,ACC002,9970,2026-08-07 18:04:00,Deposit,ACC063,MMK
TXN0193,ACC013,6872,2026-08-06 04:49:00,Payment,ACC052,MMK
TXN0194,ACC001,14745,2026-08-18 04:41:00,Transfer,ACC059,MMK
TXN0195,ACC009,31277,2026-08-15 21:46:00,Withdrawal,ACC053,MMK
TXN0196,ACC020,6187,2026-08-02 21:26:00,Transfer,ACC064,MMK
TXN0197,ACC002,19789,2026-08-20 21:45:00,Withdrawal,ACC066,MMK
TXN0198,ACC010,33044,2026-08-10 07:52:00,Withdrawal,ACC066,MMK
TXN0199,ACC018,8675,2026-08-08 13:19:00,Payment,ACC051,MMK
TXN0200,ACC006,7041,2026-08-12 20:42:00,Payment,ACC057,MMK
TXN0201,ACC005,4048,2026-08-15 10:00:00,Transfer,ACC064,MMK
TXN0202,ACC005,4073,2026-08-15 11:00:00,Transfer,ACC062,MMK
TXN0203,ACC005,3917,2026-08-15 12:00:00,Transfer,ACC060,MMK
TXN0204,ACC005,3187,2026-08-15 13:00:00,Transfer,ACC066,MMK
TXN0205,ACC005,3172,2026-08-15 14:00:00,Transfer,ACC062,MMK
TXN0206,ACC005,2665,2026-08-15 15:00:00,Transfer,ACC064,MMK
