merchant_id,merchant_name,business_type,registration_date,owner_name,address,license_number,license_expiry,phone,nrc
MERCH001,Business A1,Hotel,2023-07-28,U Aung Aye,"95 Yangon, Myanmar",MEM-0001,2026-07-27,09675134276,12/MAHA(N)154040
MERCH002,Business B2,Hotel,2023-10-02,U Tun Lin,"11 Yangon, Myanmar",MEM-0002,2023-09-02,09302038796,13/BAHA(N)859489
MERCH003,Business C3,Casino,2024-11-18,U Hla Oo,"86 Naypyidaw, Myanmar",MEM-0003,2024-08-10,09116464447,4/MAHA(N)877493
MERCH004,Business D4,Arms Dealer,2023-05-01,U Kyaw Lin,"181 Mandalay, Myanmar",MEM-0004,2023-04-01,09525880424,4/BAHA(N)437237
MERCH005,Business E5,Night Club,2025-03-05,U Hla Lin,"167 Naypyidaw, Myanmar",MEM-0005,2028-03-04,09431165907,5/YAHA(N)637727
MERCH006,Business F6,Restaurant,2024-05-24,U Hla Naing,,,2024-04-24,09435997460,7/MAHA(N)689849
MERCH007,Business G7,Travel Agency,2025-06-03,U Kyaw Zaw,"67 Bago, Myanmar",MEM-0007,2027-06-03,09416960306,3/MAHA(N)445888
MERCH008,Business H8,Textile,2023-08-24,U Kyaw Aye,"141 Naypyidaw, Myanmar",MEM-0008,2023-07-25,09376302498,13/YAHA(N)858705
MERCH009,Business I9,Grocery,2024-10-19,U Kyaw Naing,"44 Mandalay, Myanmar",MEM-0009,2024-09-19,09873430762,9/YAHA(N)292988
MERCH010,Business J10,Electronics,2024-07-09,U Aung Zaw,"172 Yangon, Myanmar",MEM-0010,2025-07-09,09920702588,1/YAHA(N)244170
MERCH011,Business K11,Restaurant,2025-05-12,,"56 Bago, Myanmar",MEM-0011,2027-05-12,09500721199,1/BAHA(N)768706
MERCH012,Business L12,Arms Dealer,2024-11-13,U Hla Aye,"5 Yangon, Myanmar",MEM-0012,2024-08-05,09671458801,9/YAHA(N)112426
MERCH013,Business M13,Travel Agency,2023-01-18,U Min Lin,"74 Yangon, Myanmar",MEM-0013,2022-10-10,09639250352,14/BAHA(N)806774
MERCH014,Business N14,Restaurant,2024-03-16,U Aung Lin,"39 Mandalay, Myanmar",MEM-0014,2026-03-16,09306085476,10/BAHA(N)364679
MERCH015,Business O15,Crypto Exchange,2025-04-14,U Hla Zaw,"96 Bago, Myanmar",MEM-0015,2028-04-13,09592845076,10/MAHA(N)831105
MERCH016,Business P16,Hotel,2023-08-20,U Aung Zaw,"24 Bago, Myanmar",MEM-0016,,09507231644,7/BAHA(N)599127
MERCH017,Business Q17,Travel Agency,2023-02-27,U Kyaw Zaw,"128 Bago, Myanmar",MEM-0017,2024-02-27,09792463878,13/YAHA(N)693343
MERCH018,Business R18,Arms Dealer,2025-05-28,U Tun Zaw,"59 Mandalay, Myanmar",MEM-0018,2026-05-28,09843338269,10/YAHA(N)384263
MERCH019,Business S19,Hotel,2023-02-17,U Min Lin,"145 Yangon, Myanmar",MEM-0019,2024-02-17,09292580427,14/YAHA(N)116418
MERCH020,Business T20,Money Exchange,2023-08-01,U Hla Zaw,"77 Mandalay, Myanmar",MEM-0020,2023-04-23,09705545509,4/BAHA(N)975194
MERCH021,Business U21,Hotel,2025-05-19,U Tun Naing,"99 Mandalay, Myanmar",MEM-0021,2025-04-19,09948790854,12/BAHA(N)182237
MERCH022,Business V22,Retail,2024-05-27,U Aung Aye,"60 Yangon, Myanmar",MEM-0022,2027-05-27,09465708674,10/BAHA(N)724540
MERCH023,Business W23,Retail,2024-02-11,U Min Aye,"126 Mandalay, Myanmar",MEM-0023,2027-02-10,09482049366,9/YAHA(N)552825
MERCH024,Business X24,Hotel,2023-07-10,U Hla Zaw,"198 Naypyidaw, Myanmar",MEM-0024,2023-04-01,09956905222,4/BAHA(N)177077
MERCH025,Business Y25,Money Exchange,2023-03-26,U Hla Oo,"190 Bago, Myanmar",MEM-0025,2026-03-25,09440030663,6/MAHA(N)195966
MERCH026,Business Z26,Grocery,2023-01-06,U Min Naing,"27 Mandalay, Myanmar",MEM-0026,2026-01-05,09193734690,3/YAHA(N)570646
MERCH027,Business A27,Electronics,2024-07-24,U Hla Zaw,"7 Yangon, Myanmar",MEM-0027,2024-04-15,09480012570,9/MAHA(N)725920
MERCH028,Business B28,Auto Dealer,2024-09-04,U Hla Zaw,"75 Bago, Myanmar",MEM-0028,2027-09-04,09516396603,13/MAHA(N)860053
MERCH029,Business C29,Textile,2024-07-26,U Tun Oo,"176 Bago, Myanmar",MEM-0029,2026-07-26,09282001119,3/YAHA(N)415759
MERCH030,Business D30,Money Exchange,2023-10-02,U Aung Oo,"112 Naypyidaw, Myanmar",MEM-0030,2023-09-02,09552155193,5/YAHA(N)920685
